{"cameraMode":{"drawMode":0,"name":"Shaded","section":"Shading Mode"},"sceneLighting":false,"audioPlay":false,"sceneViewState":{"m_AlwaysRefresh":false,"showFog":true,"showSkybox":false,"showFlares":true,"showImageEffects":true,"showParticleSystems":true,"showVisualEffectGraphs":true,"m_FxEnabled":true},"in2DMode":false,"pivot":{"x":0.0000017881393432617188,"y":1.5227513313293458,"z":0.06453794240951538},"rotation":{"x":0.0017365266103297473,"y":0.9823729991912842,"z":-0.18669943511486054,"w":0.009137202985584736},"size":2.3321940898895265,"orthographic":false}