{"cameraMode":{"drawMode":0,"name":"Shaded","section":"Shading Mode"},"sceneLighting":false,"audioPlay":false,"sceneViewState":{"m_AlwaysRefresh":false,"showFog":true,"showSkybox":false,"showFlares":true,"showImageEffects":true,"showParticleSystems":true,"showVisualEffectGraphs":true,"m_FxEnabled":true},"in2DMode":false,"pivot":{"x":38.38275146484375,"y":-0.05688595771789551,"z":0.10854428261518479},"rotation":{"x":0.10873042047023773,"y":-0.09973037242889404,"z":0.010964341461658478,"w":0.9889982342720032},"size":5.005202770233154,"orthographic":false}